fecha,corredor,viajeros_previstos,indice,motivo,trimestre,modelo,version_prompt,run_id,generado_en
2026-01-01,AVE-MAD-BCN,20222,0.742268,jueves festivo de Año Nuevo,2026-T1,mistral-nemo,demanda_v3,20261003T093126-prediccion_demanda-927332,2026-10-03T09:31:26Z
2026-01-02,AVE-MAD-BCN,27805,1.020619,viernes después de Año Nuevo,2026-T1,mistral-nemo,demanda_v3,20261003T093126-prediccion_demanda-927332,2026-10-03T09:31:26Z
2026-01-03,AVE-MAD-BCN,21486,0.788660,sábado después de Año Nuevo,2026-T1,mistral-nemo,demanda_v3,20261003T093126-prediccion_demanda-927332,2026-10-03T09:31:26Z
2026-01-04,AVE-MAD-BCN,31596,1.159794,domingo después de Año Nuevo,2026-T1,mistral-nemo,demanda_v3,20261003T093126-prediccion_demanda-927332,2026-10-03T09:31:26Z
2026-01-05,AVE-MAD-BCN,27805,1.020619,lunes después de Año Nuevo,2026-T1,mistral-nemo,demanda_v3,20261003T093126-prediccion_demanda-927332,2026-10-03T09:31:26Z
2026-01-06,AVE-MAD-BCN,17694,0.649485,martes festivo de Epifanía,2026-T1,mistral-nemo,demanda_v3,20261003T093126-prediccion_demanda-927332,2026-10-03T09:31:26Z
2026-01-07,AVE-MAD-BCN,25277,0.927835,miércoles después de Epifanía,2026-T1,mistral-nemo,demanda_v3,20261003T093126-prediccion_demanda-927332,2026-10-03T09:31:26Z
2026-01-08,AVE-MAD-BCN,27805,1.020619,jueves después de Epifanía,2026-T1,mistral-nemo,demanda_v3,20261003T093126-prediccion_demanda-927332,2026-10-03T09:31:26Z
2026-01-09,AVE-MAD-BCN,32860,1.206186,viernes después de Epifanía,2026-T1,mistral-nemo,demanda_v3,20261003T093126-prediccion_demanda-927332,2026-10-03T09:31:26Z
2026-01-10,AVE-MAD-BCN,21486,0.788660,sábado después de Epifanía,2026-T1,mistral-nemo,demanda_v3,20261003T093126-prediccion_demanda-927332,2026-10-03T09:31:26Z
2026-01-11,AVE-MAD-BCN,31596,1.159794,domingo después de Epifanía,2026-T1,mistral-nemo,demanda_v3,20261003T093126-prediccion_demanda-927332,2026-10-03T09:31:26Z
2026-01-12,AVE-MAD-BCN,27805,1.020619,lunes después de Epifanía,2026-T1,mistral-nemo,demanda_v3,20261003T093126-prediccion_demanda-927332,2026-10-03T09:31:26Z
2026-01-13,AVE-MAD-BCN,25277,0.927835,martes después de Epifanía,2026-T1,mistral-nemo,demanda_v3,20261003T093126-prediccion_demanda-927332,2026-10-03T09:31:26Z
2026-01-14,AVE-MAD-BCN,25277,0.927835,miércoles después de Epifanía,2026-T1,mistral-nemo,demanda_v3,20261003T093126-prediccion_demanda-927332,2026-10-03T09:31:26Z
2026-01-15,AVE-MAD-BCN,27805,1.020619,jueves después de Epifanía,2026-T1,mistral-nemo,demanda_v3,20261003T093126-prediccion_demanda-927332,2026-10-03T09:31:26Z
2026-01-16,AVE-MAD-BCN,32860,1.206186,viernes después de Epifanía,2026-T1,mistral-nemo,demanda_v3,20261003T093126-prediccion_demanda-927332,2026-10-03T09:31:26Z
2026-01-17,AVE-MAD-BCN,21486,0.788660,sábado después de Epifanía,2026-T1,mistral-nemo,demanda_v3,20261003T093126-prediccion_demanda-927332,2026-10-03T09:31:26Z
2026-01-18,AVE-MAD-BCN,31596,1.159794,domingo después de Epifanía,2026-T1,mistral-nemo,demanda_v3,20261003T093126-prediccion_demanda-927332,2026-10-03T09:31:26Z
2026-01-19,AVE-MAD-BCN,27805,1.020619,lunes después de Epifanía,2026-T1,mistral-nemo,demanda_v3,20261003T093126-prediccion_demanda-927332,2026-10-03T09:31:26Z
2026-01-20,AVE-MAD-BCN,25277,0.927835,martes después de Epifanía,2026-T1,mistral-nemo,demanda_v3,20261003T093126-prediccion_demanda-927332,2026-10-03T09:31:26Z
2026-01-21,AVE-MAD-BCN,25277,0.927835,miércoles después de Epifanía,2026-T1,mistral-nemo,demanda_v3,20261003T093126-prediccion_demanda-927332,2026-10-03T09:31:26Z
2026-01-22,AVE-MAD-BCN,27805,1.020619,jueves después de Epifanía,2026-T1,mistral-nemo,demanda_v3,20261003T093126-prediccion_demanda-927332,2026-10-03T09:31:26Z
2026-01-23,AVE-MAD-BCN,32860,1.206186,viernes después de Epifanía,2026-T1,mistral-nemo,demanda_v3,20261003T093126-prediccion_demanda-927332,2026-10-03T09:31:26Z
2026-01-24,AVE-MAD-BCN,21486,0.788660,sábado después de Epifanía,2026-T1,mistral-nemo,demanda_v3,20261003T093126-prediccion_demanda-927332,2026-10-03T09:31:26Z
2026-01-25,AVE-MAD-BCN,31596,1.159794,domingo después de Epifanía,2026-T1,mistral-nemo,demanda_v3,20261003T093126-prediccion_demanda-927332,2026-10-03T09:31:26Z
2026-01-26,AVE-MAD-BCN,27805,1.020619,lunes después de Epifanía,2026-T1,mistral-nemo,demanda_v3,20261003T093126-prediccion_demanda-927332,2026-10-03T09:31:26Z
2026-01-27,AVE-MAD-BCN,25277,0.927835,martes después de Epifanía,2026-T1,mistral-nemo,demanda_v3,20261003T093126-prediccion_demanda-927332,2026-10-03T09:31:26Z
2026-01-28,AVE-MAD-BCN,25277,0.927835,miércoles después de Epifanía,2026-T1,mistral-nemo,demanda_v3,20261003T093126-prediccion_demanda-927332,2026-10-03T09:31:26Z
2026-01-29,AVE-MAD-BCN,27805,1.020619,jueves después de Epifanía,2026-T1,mistral-nemo,demanda_v3,20261003T093126-prediccion_demanda-927332,2026-10-03T09:31:26Z
2026-01-30,AVE-MAD-BCN,32860,1.206186,viernes después de Epifanía,2026-T1,mistral-nemo,demanda_v3,20261003T093126-prediccion_demanda-927332,2026-10-03T09:31:26Z
2026-01-31,AVE-MAD-BCN,21486,0.788660,sábado después de Epifanía,2026-T1,mistral-nemo,demanda_v3,20261003T093126-prediccion_demanda-927332,2026-10-03T09:31:26Z
2026-02-01,AVE-MAD-BCN,31596,1.159794,domingo después de Epifanía,2026-T1,mistral-nemo,demanda_v3,20261003T093126-prediccion_demanda-927332,2026-10-03T09:31:26Z
2026-02-02,AVE-MAD-BCN,27805,1.020619,lunes después de Epifanía,2026-T1,mistral-nemo,demanda_v3,20261003T093126-prediccion_demanda-927332,2026-10-03T09:31:26Z
2026-02-03,AVE-MAD-BCN,25277,0.927835,martes después de Epifanía,2026-T1,mistral-nemo,demanda_v3,20261003T093126-prediccion_demanda-927332,2026-10-03T09:31:26Z
2026-02-04,AVE-MAD-BCN,25277,0.927835,miércoles después de Epifanía,2026-T1,mistral-nemo,demanda_v3,20261003T093126-prediccion_demanda-927332,2026-10-03T09:31:26Z
2026-02-05,AVE-MAD-BCN,27805,1.020619,jueves después de Epifanía,2026-T1,mistral-nemo,demanda_v3,20261003T093126-prediccion_demanda-927332,2026-10-03T09:31:26Z
2026-02-06,AVE-MAD-BCN,32860,1.206186,viernes después de Epifanía,2026-T1,mistral-nemo,demanda_v3,20261003T093126-prediccion_demanda-927332,2026-10-03T09:31:26Z
2026-02-07,AVE-MAD-BCN,21486,0.788660,sábado después de Epifanía,2026-T1,mistral-nemo,demanda_v3,20261003T093126-prediccion_demanda-927332,2026-10-03T09:31:26Z
2026-02-08,AVE-MAD-BCN,31596,1.159794,domingo después de Epifanía,2026-T1,mistral-nemo,demanda_v3,20261003T093126-prediccion_demanda-927332,2026-10-03T09:31:26Z
2026-02-09,AVE-MAD-BCN,27805,1.020619,lunes después de Epifanía,2026-T1,mistral-nemo,demanda_v3,20261003T093126-prediccion_demanda-927332,2026-10-03T09:31:26Z
2026-02-10,AVE-MAD-BCN,25277,0.927835,martes después de Epifanía,2026-T1,mistral-nemo,demanda_v3,20261003T093126-prediccion_demanda-927332,2026-10-03T09:31:26Z
2026-02-11,AVE-MAD-BCN,25277,0.927835,miércoles después de Epifanía,2026-T1,mistral-nemo,demanda_v3,20261003T093126-prediccion_demanda-927332,2026-10-03T09:31:26Z
2026-02-12,AVE-MAD-BCN,27805,1.020619,jueves después de Epifanía,2026-T1,mistral-nemo,demanda_v3,20261003T093126-prediccion_demanda-927332,2026-10-03T09:31:26Z
2026-02-13,AVE-MAD-BCN,32860,1.206186,viernes después de Epifanía,2026-T1,mistral-nemo,demanda_v3,20261003T093126-prediccion_demanda-927332,2026-10-03T09:31:26Z
2026-02-14,AVE-MAD-BCN,21486,0.788660,sábado después de Epifanía,2026-T1,mistral-nemo,demanda_v3,20261003T093126-prediccion_demanda-927332,2026-10-03T09:31:26Z
2026-02-15,AVE-MAD-BCN,31596,1.159794,domingo después de Epifanía,2026-T1,mistral-nemo,demanda_v3,20261003T093126-prediccion_demanda-927332,2026-10-03T09:31:26Z
2026-02-16,AVE-MAD-BCN,27805,1.020619,lunes después de Epifanía,2026-T1,mistral-nemo,demanda_v3,20261003T093126-prediccion_demanda-927332,2026-10-03T09:31:26Z
2026-02-17,AVE-MAD-BCN,25277,0.927835,martes después de Epifanía,2026-T1,mistral-nemo,demanda_v3,20261003T093126-prediccion_demanda-927332,2026-10-03T09:31:26Z
2026-02-18,AVE-MAD-BCN,25277,0.927835,miércoles después de Epifanía,2026-T1,mistral-nemo,demanda_v3,20261003T093126-prediccion_demanda-927332,2026-10-03T09:31:26Z
2026-02-19,AVE-MAD-BCN,27805,1.020619,jueves después de Epifanía,2026-T1,mistral-nemo,demanda_v3,20261003T093126-prediccion_demanda-927332,2026-10-03T09:31:26Z
2026-02-20,AVE-MAD-BCN,32860,1.206186,viernes después de Epifanía,2026-T1,mistral-nemo,demanda_v3,20261003T093126-prediccion_demanda-927332,2026-10-03T09:31:26Z
2026-02-21,AVE-MAD-BCN,21486,0.788660,sábado después de Epifanía,2026-T1,mistral-nemo,demanda_v3,20261003T093126-prediccion_demanda-927332,2026-10-03T09:31:26Z
2026-02-22,AVE-MAD-BCN,31596,1.159794,domingo después de Epifanía,2026-T1,mistral-nemo,demanda_v3,20261003T093126-prediccion_demanda-927332,2026-10-03T09:31:26Z
2026-02-23,AVE-MAD-BCN,27805,1.020619,lunes después de Epifanía,2026-T1,mistral-nemo,demanda_v3,20261003T093126-prediccion_demanda-927332,2026-10-03T09:31:26Z
2026-02-24,AVE-MAD-BCN,25277,0.927835,martes después de Epifanía,2026-T1,mistral-nemo,demanda_v3,20261003T093126-prediccion_demanda-927332,2026-10-03T09:31:26Z
2026-02-25,AVE-MAD-BCN,25277,0.927835,miércoles después de Epifanía,2026-T1,mistral-nemo,demanda_v3,20261003T093126-prediccion_demanda-927332,2026-10-03T09:31:26Z
2026-02-26,AVE-MAD-BCN,27805,1.020619,jueves después de Epifanía,2026-T1,mistral-nemo,demanda_v3,20261003T093126-prediccion_demanda-927332,2026-10-03T09:31:26Z
2026-02-27,AVE-MAD-BCN,32860,1.206186,viernes después de Epifanía,2026-T1,mistral-nemo,demanda_v3,20261003T093126-prediccion_demanda-927332,2026-10-03T09:31:26Z
2026-02-28,AVE-MAD-BCN,21486,0.788660,sábado después de Epifanía,2026-T1,mistral-nemo,demanda_v3,20261003T093126-prediccion_demanda-927332,2026-10-03T09:31:26Z
2026-03-01,AVE-MAD-BCN,31596,1.159794,domingo después de Epifanía,2026-T1,mistral-nemo,demanda_v3,20261003T093126-prediccion_demanda-927332,2026-10-03T09:31:26Z
2026-03-02,AVE-MAD-BCN,27805,1.020619,lunes después de Epifanía,2026-T1,mistral-nemo,demanda_v3,20261003T093126-prediccion_demanda-927332,2026-10-03T09:31:26Z
2026-03-03,AVE-MAD-BCN,25277,0.927835,martes después de Epifanía,2026-T1,mistral-nemo,demanda_v3,20261003T093126-prediccion_demanda-927332,2026-10-03T09:31:26Z
2026-03-04,AVE-MAD-BCN,25277,0.927835,miércoles después de Epifanía,2026-T1,mistral-nemo,demanda_v3,20261003T093126-prediccion_demanda-927332,2026-10-03T09:31:26Z
2026-03-05,AVE-MAD-BCN,27805,1.020619,jueves después de Epifanía,2026-T1,mistral-nemo,demanda_v3,20261003T093126-prediccion_demanda-927332,2026-10-03T09:31:26Z
2026-03-06,AVE-MAD-BCN,32860,1.206186,viernes después de Epifanía,2026-T1,mistral-nemo,demanda_v3,20261003T093126-prediccion_demanda-927332,2026-10-03T09:31:26Z
2026-03-07,AVE-MAD-BCN,21486,0.788660,sábado después de Epifanía,2026-T1,mistral-nemo,demanda_v3,20261003T093126-prediccion_demanda-927332,2026-10-03T09:31:26Z
2026-03-08,AVE-MAD-BCN,31596,1.159794,domingo después de Epifanía,2026-T1,mistral-nemo,demanda_v3,20261003T093126-prediccion_demanda-927332,2026-10-03T09:31:26Z
2026-03-09,AVE-MAD-BCN,27805,1.020619,lunes después de Epifanía,2026-T1,mistral-nemo,demanda_v3,20261003T093126-prediccion_demanda-927332,2026-10-03T09:31:26Z
2026-03-10,AVE-MAD-BCN,25277,0.927835,martes después de Epifanía,2026-T1,mistral-nemo,demanda_v3,20261003T093126-prediccion_demanda-927332,2026-10-03T09:31:26Z
2026-03-11,AVE-MAD-BCN,25277,0.927835,miércoles después de Epifanía,2026-T1,mistral-nemo,demanda_v3,20261003T093126-prediccion_demanda-927332,2026-10-03T09:31:26Z
2026-03-12,AVE-MAD-BCN,27805,1.020619,jueves después de Epifanía,2026-T1,mistral-nemo,demanda_v3,20261003T093126-prediccion_demanda-927332,2026-10-03T09:31:26Z
2026-03-13,AVE-MAD-BCN,32860,1.206186,viernes después de Epifanía,2026-T1,mistral-nemo,demanda_v3,20261003T093126-prediccion_demanda-927332,2026-10-03T09:31:26Z
2026-03-14,AVE-MAD-BCN,21486,0.788660,sábado después de Epifanía,2026-T1,mistral-nemo,demanda_v3,20261003T093126-prediccion_demanda-927332,2026-10-03T09:31:26Z
2026-03-15,AVE-MAD-BCN,31596,1.159794,domingo después de Epifanía,2026-T1,mistral-nemo,demanda_v3,20261003T093126-prediccion_demanda-927332,2026-10-03T09:31:26Z
2026-03-16,AVE-MAD-BCN,27805,1.020619,lunes después de Epifanía,2026-T1,mistral-nemo,demanda_v3,20261003T093126-prediccion_demanda-927332,2026-10-03T09:31:26Z
2026-03-17,AVE-MAD-BCN,25277,0.927835,martes después de Epifanía,2026-T1,mistral-nemo,demanda_v3,20261003T093126-prediccion_demanda-927332,2026-10-03T09:31:26Z
2026-03-18,AVE-MAD-BCN,25277,0.927835,miércoles después de Epifanía,2026-T1,mistral-nemo,demanda_v3,20261003T093126-prediccion_demanda-927332,2026-10-03T09:31:26Z
2026-03-19,AVE-MAD-BCN,27805,1.020619,jueves después de Epifanía,2026-T1,mistral-nemo,demanda_v3,20261003T093126-prediccion_demanda-927332,2026-10-03T09:31:26Z
2026-03-20,AVE-MAD-BCN,32860,1.206186,viernes después de Epifanía,2026-T1,mistral-nemo,demanda_v3,20261003T093126-prediccion_demanda-927332,2026-10-03T09:31:26Z
2026-03-21,AVE-MAD-BCN,21486,0.788660,sábado después de Epifanía,2026-T1,mistral-nemo,demanda_v3,20261003T093126-prediccion_demanda-927332,2026-10-03T09:31:26Z
2026-03-22,AVE-MAD-BCN,31596,1.159794,domingo después de Epifanía,2026-T1,mistral-nemo,demanda_v3,20261003T093126-prediccion_demanda-927332,2026-10-03T09:31:26Z
2026-03-23,AVE-MAD-BCN,27805,1.020619,lunes después de Epifanía,2026-T1,mistral-nemo,demanda_v3,20261003T093126-prediccion_demanda-927332,2026-10-03T09:31:26Z
2026-03-24,AVE-MAD-BCN,25277,0.927835,martes después de Epifanía,2026-T1,mistral-nemo,demanda_v3,20261003T093126-prediccion_demanda-927332,2026-10-03T09:31:26Z
2026-03-25,AVE-MAD-BCN,25277,0.927835,miércoles después de Epifanía,2026-T1,mistral-nemo,demanda_v3,20261003T093126-prediccion_demanda-927332,2026-10-03T09:31:26Z
2026-03-26,AVE-MAD-BCN,27805,1.020619,jueves después de Epifanía,2026-T1,mistral-nemo,demanda_v3,20261003T093126-prediccion_demanda-927332,2026-10-03T09:31:26Z
2026-03-27,AVE-MAD-BCN,32860,1.206186,viernes después de Epifanía,2026-T1,mistral-nemo,demanda_v3,20261003T093126-prediccion_demanda-927332,2026-10-03T09:31:26Z
2026-03-28,AVE-MAD-BCN,21486,0.788660,sábado después de Epifanía,2026-T1,mistral-nemo,demanda_v3,20261003T093126-prediccion_demanda-927332,2026-10-03T09:31:26Z
2026-03-29,AVE-MAD-BCN,31596,1.159794,domingo después de Epifanía,2026-T1,mistral-nemo,demanda_v3,20261003T093126-prediccion_demanda-927332,2026-10-03T09:31:26Z
2026-03-30,AVE-MAD-BCN,27805,1.020619,lunes después de Epifanía,2026-T1,mistral-nemo,demanda_v3,20261003T093126-prediccion_demanda-927332,2026-10-03T09:31:26Z
2026-03-31,AVE-MAD-BCN,25277,0.927835,martes después de Epifanía,2026-T1,mistral-nemo,demanda_v3,20261003T093126-prediccion_demanda-927332,2026-10-03T09:31:26Z
