fecha,ciudad,tipo,descripcion
2025-06-01,BCN,deporte,Gran Premio de España de Fórmula 1 (Circuit de Barcelona-Catalunya)
2025-06-04,BCN,musica,Festival Primavera Sound
2025-06-05,BCN,musica,Festival Primavera Sound
2025-06-06,BCN,musica,Festival Primavera Sound
2025-06-07,BCN,musica,Festival Primavera Sound
2025-06-08,BCN,musica,Festival Primavera Sound
2025-06-12,BCN,musica,Festival Sónar
2025-06-13,BCN,musica,Festival Sónar
2025-06-14,BCN,musica,Festival Sónar
2025-07-10,MAD,musica,Festival Mad Cool
2025-07-11,MAD,musica,Festival Mad Cool
2025-07-12,MAD,musica,Festival Mad Cool
2025-09-23,BCN,fiesta,Fiestas de La Mercè
2025-09-24,BCN,fiesta,Fiestas de La Mercè
2025-09-25,BCN,fiesta,Fiestas de La Mercè
2025-09-26,BCN,fiesta,Fiestas de La Mercè
2025-09-27,BCN,fiesta,Fiestas de La Mercè
2025-09-28,BCN,fiesta,Fiestas de La Mercè
2025-10-26,MAD,deporte,Clásico Real Madrid - FC Barcelona (Santiago Bernabéu)
2025-11-04,BCN,feria,Smart City Expo World Congress (Fira Gran Via)
2025-11-05,BCN,feria,Smart City Expo World Congress (Fira Gran Via)
2025-11-06,BCN,feria,Smart City Expo World Congress (Fira Gran Via)
2026-01-21,MAD,feria,"FITUR, Feria Internacional de Turismo (IFEMA)"
2026-01-22,MAD,feria,"FITUR, Feria Internacional de Turismo (IFEMA)"
2026-01-23,MAD,feria,"FITUR, Feria Internacional de Turismo (IFEMA)"
2026-01-24,MAD,feria,"FITUR, Feria Internacional de Turismo (IFEMA)"
2026-01-25,MAD,feria,"FITUR, Feria Internacional de Turismo (IFEMA)"
2026-02-03,BCN,feria,"ISE, Integrated Systems Europe (Fira Gran Via)"
2026-02-04,BCN,feria,"ISE, Integrated Systems Europe (Fira Gran Via)"
2026-02-05,BCN,feria,"ISE, Integrated Systems Europe (Fira Gran Via)"
2026-02-06,BCN,feria,"ISE, Integrated Systems Europe (Fira Gran Via)"
2026-03-02,BCN,feria,Mobile World Congress (Fira Gran Via)
2026-03-03,BCN,feria,Mobile World Congress (Fira Gran Via)
2026-03-04,BCN,feria,Mobile World Congress (Fira Gran Via)
2026-03-05,BCN,feria,Mobile World Congress (Fira Gran Via)
2026-03-23,BCN,feria,Alimentaria (Fira Gran Via)
2026-03-24,BCN,feria,Alimentaria (Fira Gran Via)
2026-03-25,BCN,feria,Alimentaria (Fira Gran Via)
2026-03-26,BCN,feria,Alimentaria (Fira Gran Via)
2026-05-10,BCN,deporte,Clásico FC Barcelona - Real Madrid (Spotify Camp Nou)
2026-06-03,BCN,musica,Festival Primavera Sound
2026-06-04,BCN,musica,Festival Primavera Sound
2026-06-05,BCN,musica,Festival Primavera Sound
2026-06-06,BCN,musica,Festival Primavera Sound
2026-06-07,BCN,musica,Festival Primavera Sound
2026-06-12,BCN,deporte,Gran Premio de Barcelona-Catalunya de Fórmula 1
2026-06-13,BCN,deporte,Gran Premio de Barcelona-Catalunya de Fórmula 1
2026-06-14,BCN,deporte,Gran Premio de Barcelona-Catalunya de Fórmula 1
2026-06-18,BCN,musica,Festival Sónar
2026-06-19,BCN,musica,Festival Sónar
2026-06-20,BCN,musica,Festival Sónar
2026-07-08,MAD,musica,Festival Mad Cool
2026-07-09,MAD,musica,Festival Mad Cool
2026-07-10,MAD,musica,Festival Mad Cool
2026-07-11,MAD,musica,Festival Mad Cool
2026-09-11,MAD,deporte,"Gran Premio de España de Fórmula 1 (Madring, IFEMA)"
2026-09-12,MAD,deporte,"Gran Premio de España de Fórmula 1 (Madring, IFEMA)"
2026-09-13,MAD,deporte,"Gran Premio de España de Fórmula 1 (Madring, IFEMA)"
2026-09-23,BCN,fiesta,Fiestas de La Mercè
2026-09-24,BCN,fiesta,Fiestas de La Mercè
2026-09-25,BCN,fiesta,Fiestas de La Mercè
2026-09-26,BCN,fiesta,Fiestas de La Mercè
2026-09-27,BCN,fiesta,Fiestas de La Mercè
